bok choy,vegetables
snake beans,vegetables
sorrel leaves,vegetables
rocket leaves,vegetables
drumstick,vegetables
cherry tomatoes,vegetables
kaffir lime,vegetables
plantain,vegetables
turnip,vegetables
sweet potatoes,vegetables
round gourd,vegetables
ridge gourd,vegetables
pimiento,vegetables
spinach,vegetables
onion,vegetables
mustard leaves,vegetables
mushroom,vegetables
radish,vegetables
shallots,vegetables
lettuce,vegetables
leek,vegetables
pumpkin,vegetables
yam,vegetables
jalapeno,vegetables
jackfruit,vegetables
horseradish,vegetables
spring onion,vegetables
green peas,vegetables
green chillies,vegetables
cluster beans,vegetables
gherkins,vegetables
garlic,vegetables
french beans,vegetables
fenugreek,vegetables
cucumber,vegetables
zucchini,vegetables
corn,vegetables
shiitake mushroom,vegetables
celery,vegetables
cauliflower,vegetables
carrot,vegetables
capsicum,vegetables
capers,vegetables
broccoli,vegetables
broad beans,vegetables
bottle gourd,vegetables
bitter gourd,vegetables
lady finger,vegetables
lotus stem,vegetables
bell pepper,vegetables
beetroot,vegetables
pigweed,vegetables
cabbage,vegetables
bamboo shoot,vegetables
baby corn,vegetables
avocado,vegetables
eggplant,vegetables
asparagus,vegetables
ash gourd,vegetables
artichoke,vegetables
colocasia,vegetables
potatoes,vegetables
ginger,vegetables
coriander powder,spices-and-herbs
chives,spices-and-herbs
galangal,spices-and-herbs
tulsi,spices-and-herbs
sage,spices-and-herbs
rosemary,spices-and-herbs
yellow chillies,spices-and-herbs
oregano,spices-and-herbs
nasturtium,spices-and-herbs
salt,spices-and-herbs
mustard powder,spices-and-herbs
paprika,spices-and-herbs
mint leaves,spices-and-herbs
marjoram,spices-and-herbs
lemongrass,spices-and-herbs
red chilli,spices-and-herbs
saffron,spices-and-herbs
dried fenugreek leaves,spices-and-herbs
kashmiri mirch,spices-and-herbs
onion seeds,spices-and-herbs
mace,spices-and-herbs
nutmeg,spices-and-herbs
herbs,spices-and-herbs
thyme,spices-and-herbs
turmeric,spices-and-herbs
garam masala,spices-and-herbs
five spice powder,spices-and-herbs
fenugreek seeds,spices-and-herbs
fennel,spices-and-herbs
green cardamom,spices-and-herbs
dry ginger powder,spices-and-herbs
dill,spices-and-herbs
curry leaves,spices-and-herbs
cumin seeds,spices-and-herbs
coriander seeds,spices-and-herbs
coriander leaves,spices-and-herbs
cloves,spices-and-herbs
cinnamon,spices-and-herbs
star anise,spices-and-herbs
cayenne,spices-and-herbs
caraway seeds,spices-and-herbs
cajun spices,spices-and-herbs
rock salt,spices-and-herbs
black pepper,spices-and-herbs
black cumin,spices-and-herbs
bay leaf,spices-and-herbs
basil,spices-and-herbs
black cardamom,spices-and-herbs
asafoetida,spices-and-herbs
aniseed,spices-and-herbs
raw mango powder,spices-and-herbs
allspice,spices-and-herbs
carom seeds,spices-and-herbs
parsley,spices-and-herbs
acacia,spices-and-herbs
amaranth,cereals-and-pulses
flour,cereals-and-pulses
muesli,cereals-and-pulses
oats,cereals-and-pulses
jowar,cereals-and-pulses
brown rice,cereals-and-pulses
arborio rice,cereals-and-pulses
water chestnut flour,cereals-and-pulses
barnyard millet,cereals-and-pulses
tapioca,cereals-and-pulses
semolina,cereals-and-pulses
finger millet,cereals-and-pulses
puffed rice,cereals-and-pulses
buckwheat,cereals-and-pulses
kidney beans,cereals-and-pulses
whole bengal gram,cereals-and-pulses
green gram,cereals-and-pulses
all purpose flour,cereals-and-pulses
whole brown lentils,cereals-and-pulses
husked black gram,cereals-and-pulses
husked green gram,cereals-and-pulses
couscous,cereals-and-pulses
cornmeal,cereals-and-pulses
pressed rice,cereals-and-pulses
rice,cereals-and-pulses
breadcrumbs,cereals-and-pulses
bread,cereals-and-pulses
black-eyed beans,cereals-and-pulses
black gram,cereals-and-pulses
black beans,cereals-and-pulses
gram flour,cereals-and-pulses
bengal gram (split),cereals-and-pulses
chickpeas,cereals-and-pulses
basmati rice,cereals-and-pulses
barley,cereals-and-pulses
pearl millet,cereals-and-pulses
whole wheat flour,cereals-and-pulses
pigeon pea,cereals-and-pulses
bean sprouts,cereals-and-pulses
beef,meat
grass fed chicken,meat
free range chicken,meat
organic chicken,meat
turkey,meat
skinned chicken,meat
pork,meat
partridge,meat
meat stock,meat
keema,meat
mutton liver,meat
ham,meat
kidney meat,meat
crab,meat
chicken stock,meat
chicken liver,meat
chicken,meat
chops,meat
lamb meat,meat
quail,meat
mutton,meat
bacon,meat
gruyere cheese,dairy-products
gouda cheese,dairy-products
feta cheese,dairy-products
milk,dairy-products
brie cheese,dairy-products
cream cheese,dairy-products
ricotta cheese,dairy-products
parmesan cheese,dairy-products
blue cheese,dairy-products
cheddar cheese,dairy-products
mascarpone cheese,dairy-products
cream,dairy-products
provolone cheese,dairy-products
mozzarella cheese,dairy-products
khoya,dairy-products
hung curd,dairy-products
yogurt,dairy-products
cottage cheese,dairy-products
condensed milk,dairy-products
clarified butter,dairy-products
buttermilk,dairy-products
butter,dairy-products
cranberry,fruits
kiwi,fruits
blueberries,fruits
mango,fruits
watermelon,fruits
tomato,fruits
strawberry,fruits
water chestnut,fruits
papaya,fruits
orange rind,fruits
orange,fruits
olives,fruits
pear,fruits
sultana,fruits
mulberry,fruits
lychee,fruits
lemon juice,fruits
lemon rind,fruits
lemon,fruits
raisins,fruits
jamun,fruits
tamarind,fruits
grapefruit,fruits
indian gooseberry,fruits
dried fruit,fruits
dates,fruits
custard apple,fruits
currant,fruits
cooking apples,fruits
coconut,fruits
cherry,fruits
cape gooseberry,fruits
banana,fruits
peach,fruits
apricots,fruits
apples,fruits
figs,fruits
grapes,fruits
pomegranate,fruits
pineapple,fruits
guava,fruits
plum,fruits
shrimp,seafood
tuna fish,seafood
shellfish,seafood
shark,seafood
hilsa,seafood
sardines,seafood
salmon,seafood
prawns,seafood
pomfret,seafood
perch,seafood
pearl spot,seafood
mussels,seafood
mullet,seafood
squids,seafood
haddock,seafood
flounder,seafood
fish stock,seafood
fish,seafood
fish fillet,seafood
cuttle fish,seafood
cod,seafood
clams,seafood
cat fish,seafood
mackerel,seafood
anchovies,seafood
brown sugar,sugar-and-sugar-products
sugar candy,sugar-and-sugar-products
icing sugar,sugar-and-sugar-products
honey,sugar-and-sugar-products
jaggery,sugar-and-sugar-products
golden syrup,sugar-and-sugar-products
sugar,sugar-and-sugar-products
castor sugar,sugar-and-sugar-products
caramel,sugar-and-sugar-products
cane sugar,sugar-and-sugar-products
canola oil,nuts-and-oilseeds
chia seeds,nuts-and-oilseeds
hazelnut,nuts-and-oilseeds
pine nuts,nuts-and-oilseeds
mustard oil,nuts-and-oilseeds
sunflower seeds,nuts-and-oilseeds
sesame oil,nuts-and-oilseeds
pistachio,nuts-and-oilseeds
olive oil,nuts-and-oilseeds
mustard seeds,nuts-and-oilseeds
poppy seeds,nuts-and-oilseeds
sesame seeds,nuts-and-oilseeds
peanuts,nuts-and-oilseeds
chironji,nuts-and-oilseeds
cashew nuts,nuts-and-oilseeds
blanched almonds,nuts-and-oilseeds
almonds,nuts-and-oilseeds
walnuts,nuts-and-oilseeds
almond milk,other-ingredients
red wine vinegar,other-ingredients
red wine,other-ingredients
margarine,other-ingredients
soy milk,other-ingredients
white wine,other-ingredients
yeast,other-ingredients
white pepper,other-ingredients
rice vinegar,other-ingredients
sea salt,other-ingredients
hoisin sauce,other-ingredients
malt vinegar,other-ingredients
chocolate chips,other-ingredients
quinoa,other-ingredients
rice flour,other-ingredients
polenta,other-ingredients
oyster sauce,other-ingredients
guchchi,other-ingredients
flat noodles,other-ingredients
balsamic vinegar,other-ingredients
coconut oil,other-ingredients
barfi,other-ingredients
rice noodles,other-ingredients
coffee,other-ingredients
beer,other-ingredients
chocolate,other-ingredients
sake,other-ingredients
vinaigrette,other-ingredients
vanilla essence,other-ingredients
tortilla,other-ingredients
tomato puree,other-ingredients
vegetable oil,other-ingredients
tartaric acid,other-ingredients
soya sauce,other-ingredients
vinegar,other-ingredients
sharbat,other-ingredients
vermicelli,other-ingredients
sev,other-ingredients
rum,other-ingredients
roux,other-ingredients
petha,other-ingredients
pasta,other-ingredients
papad,other-ingredients
paan,other-ingredients
meringue,other-ingredients
mayonnaise,other-ingredients
melon seeds,other-ingredients
lotus seeds,other-ingredients
vetiver,other-ingredients
screw pine,other-ingredients
jus,other-ingredients
jelly,other-ingredients
rose water,other-ingredients
gold leaves,other-ingredients
glycerine,other-ingredients
gelatin,other-ingredients
fish sauce,other-ingredients
desiccated coconut,other-ingredients
cranberry sauce,other-ingredients
cornflour,other-ingredients
cognac,other-ingredients
coconut water,other-ingredients
coconut milk,other-ingredients
cocoa,other-ingredients
tea,other-ingredients
brown sauce,other-ingredients
baking soda,other-ingredients
tofu,other-ingredients
baking powder,other-ingredients
arrowroot,other-ingredients
egg,other-ingredients
alum,other-ingredients
marzipan,other-ingredients
ajinomoto,other-ingredients
agar,other-ingredients
